model,accuracy
Dense,0.42260000109672546
CNN,0.7208999991416931
